Created on,Last change,Name (in database),Code,Internal remark,External remark,Measuring unit,In webshop,Surface item,Short description webshop,Long description webshop,Webshop SEO title,Webshop SEO keyword,Webshop SEO description,Webshop featured product,Rental-/Sales price,Margin price,Critical stock,Type of equipment,Rental/sales,Stock calculation method,Display in planner,Archived,List price,Transport volume,Height,Width,Length,Weight,Empty weight,Power,Current,Default equipment group,The equipment can have content,Physical/Virtual,Content editable in project,Restrict actual content,Price incl. VAT,VAT rate,Has accessories,Number of images,Tags,Current quantity excl. reserved for combinations,Current quantity,Quantity reserved for combinations,Location in default stock location,Total stock per stock location [Fabriek],Location in warehouse per stock location [Fabriek],ID,Created by (Created by),Folder (Folder),Factor group (Factor group),Discount group (Discount group),VAT class (VAT class),Main image (Main image),Ledger - credit (Ledger - credit),Ledger - debit (Ledger - debit),Created on (Serial number),Last change (Serial number),Display name (Serial number),Manufacturer serial number (Serial number),Date of purchase (Serial number),Active (Serial number),Remark (Serial number),Internal reference (Serial number),Guarantee date (Serial number),Replacement date (Serial number),Current book value (Serial number),Tags (Serial number),Seal (Serial number),Actual content from (Serial number),Combination structure (Serial number),ID (Serial number),"Created by (Serial number, Created by)","Equipment (Serial number, Equipment)","Supplier (Serial number, Supplier)","Assigned to (Serial number, Assigned to)","Managed by (Serial number, Managed by)","Main image (Serial number, Main image)","On subproject (Serial number, On subproject)","Lost (Serial number, Lost)","In repair (Serial number, In repair)"
45447.543391204,46223.665868056,Tent 5x10,0501-003,,,,0,0,,,,,,0,230,0,0,Physical item,Rental,Serialized,1,0,0,0,0,500,1000,0,0,0,0,Tenten,0,Physical equipment,0,All content possible,278.3,0.21,0,0,,2,2,0,,2,,697,Ruben Dielkens,0501-Tenten,Voorbeeld Staffelgroep,,Hoog tarief,,Verhuur,Verhuur (debet),45514.644247685,45736.970891204,Beige,0501-003-1,45514,1,,Beige,,,0,,0,,,573,Jente Verbruggen,Tent 5x10,,,,,,,
45447.543391204,46223.665868056,Tent 5x10,0501-003,,,,0,0,,,,,,0,230,0,0,Physical item,Rental,Serialized,1,0,0,0,0,500,1000,0,0,0,0,Tenten,0,Physical equipment,0,All content possible,278.3,0.21,0,0,,2,2,0,,2,,697,Ruben Dielkens,0501-Tenten,Voorbeeld Staffelgroep,,Hoog tarief,,Verhuur,Verhuur (debet),45514.6446875,45736.970891204,Grijs-Wit,0501-003-2,45514,1,,Grijs-Wit,,,0,,0,,,574,Jente Verbruggen,Tent 5x10,,,,,,,
45447.546273148,46223.66587963,Cava glazen,0201-004,,,,0,0,,,,,,0,0.2,0,0,Physical item,Rental,Bulk,1,0,0,0,0,0,0,0,0,0,0,Catering,0,Physical equipment,0,All content possible,0.242,0.21,0,0,,36,36,0,,36,,698,Ruben Dielkens,0201-Catering,Voorbeeld Staffelgroep,,Hoog tarief,,Verhuur,Verhuur (debet),45514.649305556,45736.970891204,Cava glazen bak 1,0201-004-1,45514,1,,Cava glazen bak 1,,,0,,0,,,575,Jente Verbruggen,Cava glazen,,,,,,,
45447.546678241,46223.66587963,Witte wijnglazen,0201-006,,,,0,0,,,,,,0,0.19,0,0,Physical item,Rental,Bulk,1,0,0,0,0,0,0,0,0,0,0,Catering,0,Physical equipment,0,All content possible,0.2299,0.21,0,0,,36,36,0,,36,,699,Ruben Dielkens,0201-Catering,Voorbeeld Staffelgroep,,Hoog tarief,,Verhuur,Verhuur (debet),,,,,,,,,,,,,,,,,,,,,,,,,
45447.547337963,46223.66587963,Rode wijnglazen,0201-007,,,,0,0,,,,,,0,0.2,0,0,Physical item,Rental,Bulk,1,0,0,0,0,0,0,0,0,0,0,Catering,0,Physical equipment,0,All content possible,0.242,0.21,0,0,,36,36,0,,36,,700,Ruben Dielkens,0201-Catering,Voorbeeld Staffelgroep,,Hoog tarief,,Verhuur,Verhuur (debet),,,,,,,,,,,,,,,,,,,,,,,,,
45447.548078704,46223.66587963,Water glazen,0201-005,,,,0,0,,,,,,0,0.27,0,0,Physical item,Rental,Bulk,1,0,0,0,0,0,0,0,0,0,0,Catering,0,Physical equipment,0,All content possible,0.3267,0.21,0,0,,52,52,0,,52,,701,Ruben Dielkens,0201-Catering,Voorbeeld Staffelgroep,,Hoog tarief,,Verhuur,Verhuur (debet),,,,,,,,,,,,,,,,,,,,,,,,,
45447.548530093,46223.66587963,Bierglazen op voet per stuk,0201-001,,,,0,0,,,,,,0,0.46,0,0,Physical item,Rental,Bulk,1,0,0,0,0,0,0,0,0,0,0,Catering,0,Physical equipment,0,All content possible,0.5566,0.21,0,0,,63,63,0,,63,,702,Ruben Dielkens,0201-Catering,Voorbeeld Staffelgroep,,Hoog tarief,,Verhuur,Verhuur (debet),,,,,,,,,,,,,,,,,,,,,,,,,
45447.549895833,46223.66587963,Borden 32 (wit),9998-800,,,,0,0,,,,,,0,0.38,0,0,Physical item,Rental,Bulk,1,0,0,0,0,0,0,0,0,0,0,,0,Physical equipment,0,All content possible,0.4598,0.21,0,0,,0,0,0,,0,,703,Ruben Dielkens,9998-Inhuur Funrent,Voorbeeld Staffelgroep,,Hoog tarief,,Verhuur,Verhuur (debet),,,,,,,,,,,,,,,,,,,,,,,,,
45447.551087963,46223.66587963,Vorken (standaard),9998-901,,,,0,0,,,,,,0,0.3,0,0,Physical item,Rental,Bulk,1,0,0,0,0,0,0,0,0,0,0,,0,Physical equipment,0,All content possible,0.363,0.21,0,0,,0,0,0,,0,,704,Ruben Dielkens,9998-Inhuur Funrent,Voorbeeld Staffelgroep,,Hoog tarief,,Verhuur,Verhuur (debet),,,,,,,,,,,,,,,,,,,,,,,,,
45447.551886574,46223.66587963,Messen (standaard),9998-900,,,,0,0,,,,,,0,0.3,0,0,Physical item,Rental,Bulk,1,0,0,0,0,0,0,0,0,0,0,,0,Physical equipment,0,All content possible,0.363,0.21,0,0,,0,0,0,,0,,705,Ruben Dielkens,9998-Inhuur Funrent,Voorbeeld Staffelgroep,,Hoog tarief,,Verhuur,Verhuur (debet),,,,,,,,,,,,,,,,,,,,,,,,,
45447.552847222,46223.66587963,niet gebruiken,00000,,,,0,0,,,,,,0,5,0,0,Physical item,Rental,Bulk,1,0,0,0,0,0,0,0,0,0,0,Meubilair,0,Physical equipment,0,All content possible,6.05,0.21,0,0,,10,10,0,,10,,706,Ruben Dielkens,0401-Meubilair,Voorbeeld Staffelgroep,,Hoog tarief,,Verhuur,Verhuur (debet),,,,,,,,,,,,,,,,,,,,,,,,,
45447.553020833,46223.66587963,Vorken (vis),9998-902,,,,0,0,,,,,,0,0.3,0,0,Physical item,Rental,Bulk,1,0,0,0,0,0,0,0,0,0,0,,0,Physical equipment,0,All content possible,0.363,0.21,0,0,,0,0,0,,0,,707,Ruben Dielkens,9998-Inhuur Funrent,Voorbeeld Staffelgroep,,Hoog tarief,,Verhuur,Verhuur (debet),,,,,,,,,,,,,,,,,,,,,,,,,
45447.553240741,46223.66587963,Messen (Vis),9998-902,,,,0,0,,,,,,0,0.3,0,0,Physical item,Rental,Bulk,1,0,0,0,0,0,0,0,0,0,0,,0,Physical equipment,0,All content possible,0.363,0.21,0,0,,0,0,0,,0,,708,Ruben Dielkens,9998-Inhuur Funrent,Voorbeeld Staffelgroep,,Hoog tarief,,Verhuur,Verhuur (debet),,,,,,,,,,,,,,,,,,,,,,,,,
45447.553680556,46223.66587963,Borden 24 (wit),9998-801,,,,0,0,,,,,,0,0.35,0,0,Physical item,Rental,Bulk,1,0,0,0,0,0,0,0,0,0,0,,0,Physical equipment,0,All content possible,0.4235,0.21,0,0,,0,0,0,,0,,709,Ruben Dielkens,9998-Inhuur Funrent,Voorbeeld Staffelgroep,,Hoog tarief,,Verhuur,Verhuur (debet),,,,,,,,,,,,,,,,,,,,,,,,,
45447.554189815,46223.66587963,Koffietas (standaard),9998-802,,,,0,0,,,,,,0,0.3,0,0,Physical item,Rental,Bulk,1,0,0,0,0,0,0,0,0,0,0,,0,Physical equipment,0,All content possible,0.363,0.21,0,0,,0,0,0,,0,,710,Ruben Dielkens,9998-Inhuur Funrent,Voorbeeld Staffelgroep,,Hoog tarief,,Verhuur,Verhuur (debet),,,,,,,,,,,,,,,,,,,,,,,,,
45447.554918981,46223.66587963,Borden 17 (standaard),9998-803,,,,0,0,,,,,,0,0.3,0,0,Physical item,Rental,Bulk,1,0,0,0,0,0,0,0,0,0,0,,0,Physical equipment,0,All content possible,0.363,0.21,0,0,,0,0,0,,0,,711,Ruben Dielkens,9998-Inhuur Funrent,Voorbeeld Staffelgroep,,Hoog tarief,,Verhuur,Verhuur (debet),,,,,,,,,,,,,,,,,,,,,,,,,
45447.555266204,46223.66587963,Dessertlepel (standaard),9998-905,,,,0,0,,,,,,0,0.3,0,0,Physical item,Rental,Bulk,1,0,0,0,0,0,0,0,0,0,0,,0,Physical equipment,0,All content possible,0.363,0.21,0,0,,0,0,0,,0,,712,Ruben Dielkens,9998-Inhuur Funrent,Voorbeeld Staffelgroep,,Hoog tarief,,Verhuur,Verhuur (debet),,,,,,,,,,,,,,,,,,,,,,,,,
45447.555787037,46223.66587963,Soeplepel,9998-806,,,,0,0,,,,,,0,0.3,0,0,Physical item,Rental,Bulk,1,0,0,0,0,0,0,0,0,0,0,,0,Physical equipment,0,All content possible,0.363,0.21,0,0,,0,0,0,,0,,713,Ruben Dielkens,9998-Inhuur Funrent,Voorbeeld Staffelgroep,,Hoog tarief,,Verhuur,Verhuur (debet),,,,,,,,,,,,,,,,,,,,,,,,,
45447.556099537,46223.66587963,Soepkommen (standaard),9998-810,,,,0,0,,,,,,0,0.3,0,0,Physical item,Rental,Bulk,1,0,0,0,0,0,0,0,0,0,0,,0,Physical equipment,0,All content possible,0.363,0.21,0,0,,0,0,0,,0,,714,Ruben Dielkens,9998-Inhuur Funrent,Voorbeeld Staffelgroep,,Hoog tarief,,Verhuur,Verhuur (debet),,,,,,,,,,,,,,,,,,,,,,,,,
45447.5565625,46223.66587963,Horeca Frigo,0201-010,,,,0,0,,,,,,0,40,0,0,Physical item,Rental,Serialized,1,0,0,0,0,0,0,0,0,0,0,Catering,0,Physical equipment,0,All content possible,48.4,0.21,0,0,,5,5,0,,5,,715,Ruben Dielkens,0201-Catering,Voorbeeld Staffelgroep,,Hoog tarief,,Verhuur,Verhuur (debet),45514.658472222,45736.970891204,6D-Groot,0201-010-1,45514,1,,6D-Groot,,,0,,0,,,580,Jente Verbruggen,Horeca Frigo,,,,,,,
45447.5565625,46223.66587963,Horeca Frigo,0201-010,,,,0,0,,,,,,0,40,0,0,Physical item,Rental,Serialized,1,0,0,0,0,0,0,0,0,0,0,Catering,0,Physical equipment,0,All content possible,48.4,0.21,0,0,,5,5,0,,5,,715,Ruben Dielkens,0201-Catering,Voorbeeld Staffelgroep,,Hoog tarief,,Verhuur,Verhuur (debet),45514.65875,45736.970891204,3D-Groot,0201-010-2,45514,1,,3D-Groot,,,0,,0,,,581,Jente Verbruggen,Horeca Frigo,,,,,,,
45447.5565625,46223.66587963,Horeca Frigo,0201-010,,,,0,0,,,,,,0,40,0,0,Physical item,Rental,Serialized,1,0,0,0,0,0,0,0,0,0,0,Catering,0,Physical equipment,0,All content possible,48.4,0.21,0,0,,5,5,0,,5,,715,Ruben Dielkens,0201-Catering,Voorbeeld Staffelgroep,,Hoog tarief,,Verhuur,Verhuur (debet),45514.6590625,45736.970891204,3D-middel,0201-010-3,45514,1,,3D-middel,,,0,,0,,,582,Jente Verbruggen,Horeca Frigo,,,,,,,
45447.5565625,46223.66587963,Horeca Frigo,0201-010,,,,0,0,,,,,,0,40,0,0,Physical item,Rental,Serialized,1,0,0,0,0,0,0,0,0,0,0,Catering,0,Physical equipment,0,All content possible,48.4,0.21,0,0,,5,5,0,,5,,715,Ruben Dielkens,0201-Catering,Voorbeeld Staffelgroep,,Hoog tarief,,Verhuur,Verhuur (debet),45514.659618056,45736.970891204,3D-Klein,0201-010-4,45514,1,,3D-Klein,,,0,,0,,,583,Jente Verbruggen,Horeca Frigo,,,,,,,
45447.5565625,46223.66587963,Horeca Frigo,0201-010,,,,0,0,,,,,,0,40,0,0,Physical item,Rental,Serialized,1,0,0,0,0,0,0,0,0,0,0,Catering,0,Physical equipment,0,All content possible,48.4,0.21,0,0,,5,5,0,,5,,715,Ruben Dielkens,0201-Catering,Voorbeeld Staffelgroep,,Hoog tarief,,Verhuur,Verhuur (debet),45514.659918981,45736.970891204,6D-Nieuw,0201-010-5,45514,1,,6D-Nieuw,,,0,,0,,,584,Jente Verbruggen,Horeca Frigo,,,,,,,
45447.557071759,46223.66587963,Guirlande (10m),0301-001,,,,0,0,,,,,,0,10,0,0,Physical item,Rental,Bulk,1,0,0,0,0,0,0,0,0,0,0,Light,0,Physical equipment,0,All content possible,12.1,0.21,0,0,,7,7,0,,7,,716,Ruben Dielkens,0301-Light,Voorbeeld Staffelgroep,,Hoog tarief,,Verhuur,Verhuur (debet),,,,,,,,,,,,,,,,,,,,,,,,,
45447.557233796,46223.66587963,Guirlande (15m),0301-006,,,,0,0,,,,,,0,15,0,0,Physical item,Rental,Bulk,1,0,0,0,0,0,0,0,0,0,0,Light,0,Physical equipment,0,All content possible,18.15,0.21,0,0,,3,3,0,,3,,717,Ruben Dielkens,0301-Light,Voorbeeld Staffelgroep,,Hoog tarief,,Verhuur,Verhuur (debet),,,,,,,,,,,,,,,,,,,,,,,,,
45447.558032407,46223.66587963,"Nap rond (220 cm, wit)",0401-007,,,,0,0,,,,,,0,8.55,0,0,Physical item,Rental,Bulk,1,0,0,0,0,0,0,0,0,0,0,Meubilair,0,Physical equipment,0,All content possible,10.3455,0.21,0,0,,10,10,0,,10,,718,Ruben Dielkens,0401-Meubilair,Voorbeeld Staffelgroep,,Hoog tarief,,Verhuur,Verhuur (debet),,,,,,,,,,,,,,,,,,,,,,,,,
45447.558877315,46223.66587963,Tafel rond (180 cm),9998-002,,,,0,0,,,,,,0,7.55,0,0,Physical item,Rental,Bulk,1,0,0,0,0,0,0,0,0,0,0,,0,Physical equipment,0,All content possible,9.1355,0.21,0,0,,0,0,0,,0,,719,Ruben Dielkens,9998-Inhuur Funrent,Voorbeeld Staffelgroep,,Hoog tarief,,Verhuur,Verhuur (debet),,,,,,,,,,,,,,,,,,,,,,,,,
45447.559444444,46223.66587963,Tent 4x8 ,0501-001,,,,0,0,,,,,,0,100,0,0,Physical item,Rental,Serialized,1,0,0,0,0,0,0,0,0,0,0,Tenten,0,Physical equipment,0,All content possible,121,0.21,0,0,,3,3,0,,3,,720,Ruben Dielkens,0501-Tenten,Voorbeeld Staffelgroep,,Hoog tarief,,Verhuur,Verhuur (debet),45514.653310185,45736.970891204,1-MM,0501-001-1,45514,1,,1-MM,,,0,,0,,,576,Jente Verbruggen,Tent 4x8 ,,,,,,,
45447.559444444,46223.66587963,Tent 4x8 ,0501-001,,,,0,0,,,,,,0,100,0,0,Physical item,Rental,Serialized,1,0,0,0,0,0,0,0,0,0,0,Tenten,0,Physical equipment,0,All content possible,121,0.21,0,0,,3,3,0,,3,,720,Ruben Dielkens,0501-Tenten,Voorbeeld Staffelgroep,,Hoog tarief,,Verhuur,Verhuur (debet),45514.653460648,45736.970891204,2-MM,0501-001-2,45514,1,,2-MM,,,0,,0,,,577,Jente Verbruggen,Tent 4x8 ,,,,,,,
45447.559444444,46223.66587963,Tent 4x8 ,0501-001,,,,0,0,,,,,,0,100,0,0,Physical item,Rental,Serialized,1,0,0,0,0,0,0,0,0,0,0,Tenten,0,Physical equipment,0,All content possible,121,0.21,0,0,,3,3,0,,3,,720,Ruben Dielkens,0501-Tenten,Voorbeeld Staffelgroep,,Hoog tarief,,Verhuur,Verhuur (debet),45514.653622685,45736.970891204,3-TOG,0501-001-3,45514,1,,3-TOG,,,0,,0,,,578,Jente Verbruggen,Tent 4x8 ,,,,,,,
45447.559444444,46223.66587963,Tent 4x8 ,0501-001,,,,0,0,,,,,,0,100,0,0,Physical item,Rental,Serialized,1,0,0,0,0,0,0,0,0,0,0,Tenten,0,Physical equipment,0,All content possible,121,0.21,0,0,,3,3,0,,3,,720,Ruben Dielkens,0501-Tenten,Voorbeeld Staffelgroep,,Hoog tarief,,Verhuur,Verhuur (debet),45514.654386574,45736.970891204,4-PV,0501-001-4,45514,0,Deze is nog niet toegevoegt aan het werkende asortiment deze moet nog volledig na gekeken worden,4-PV,,,0,,0,,,579,Jente Verbruggen,Tent 4x8 ,,,,,,,
45447.581412037,46223.66587963,Afwassen glazen,9999-002,,,,0,0,,,,,,0,5,0,0,Physical item,Rental,Bulk,1,0,0,0,0,0,0,0,0,0,0,,0,Physical equipment,0,All content possible,6.05,0.21,0,0,,200,200,0,,200,,721,Ruben Dielkens,9999-Afwas en opruimen,Voorbeeld Staffelgroep,,Hoog tarief,,Verhuur,Verhuur (debet),,,,,,,,,,,,,,,,,,,,,,,,,
45447.581585648,46223.66587963,Afwassen borden,9999-001,,,,0,0,,,,,,0,5,0,0,Physical item,Rental,Bulk,1,0,0,0,0,0,0,0,0,0,0,,0,Physical equipment,0,All content possible,6.05,0.21,0,0,,200,200,0,,200,,722,Ruben Dielkens,9999-Afwas en opruimen,Voorbeeld Staffelgroep,,Hoog tarief,,Verhuur,Verhuur (debet),,,,,,,,,,,,,,,,,,,,,,,,,
45449.383032407,46223.66587963,Luxestoel blauw,9998-700,,,,0,0,,,,,,0,2.5,0,0,Physical item,Rental,Bulk,1,0,0,0,0,0,0,0,0,0,0,,0,Physical equipment,0,All content possible,3.025,0.21,0,0,,0,0,0,,0,,723,Ruben Dielkens,9998-Inhuur Funrent,Voorbeeld Staffelgroep,,Hoog tarief,,Verhuur,Verhuur (debet),,,,,,,,,,,,,,,,,,,,,,,,,
45449.383483796,46223.66587963,Plooistoel,9998-701,,,,0,0,,,,,,0,1.5,0,0,Physical item,Rental,Bulk,1,0,0,0,0,0,0,0,0,0,0,,0,Physical equipment,0,All content possible,1.815,0.21,0,0,,0,0,0,,0,,724,Ruben Dielkens,9998-Inhuur Funrent,Voorbeeld Staffelgroep,,Hoog tarief,,Verhuur,Verhuur (debet),,,,,,,,,,,,,,,,,,,,,,,,,
45463.385833333,46223.66587963,Theetassen (standaard),9998-804,,,,0,0,,,,,,0,0.3,0,0,Physical item,Rental,Bulk,1,0,0,0,0,0,0,0,0,0,0,,0,Physical equipment,0,All content possible,0.363,0.21,0,0,,0,0,0,,0,,725,Ruben Dielkens,9998-Inhuur Funrent,Voorbeeld Staffelgroep,,Hoog tarief,,Verhuur,Verhuur (debet),,,,,,,,,,,,,,,,,,,,,,,,,
45469.374675926,46223.66587963,"Koffiekan 1,5L",9998-811,,,,0,0,,,,,,0,1.5,0,0,Physical item,Rental,Bulk,1,0,0,0,0,0,0,0,0,0,0,,0,Physical equipment,0,All content possible,1.815,0.21,0,0,,0,0,0,,0,,726,Ruben Dielkens,9998-Inhuur Funrent,Voorbeeld Staffelgroep,,Hoog tarief,,Verhuur,Verhuur (debet),,,,,,,,,,,,,,,,,,,,,,,,,
45514.666793981,46223.66587963,"Guirlande (11,5m)",0301-010,,,,0,0,,,,,,0,11.5,0,0,Physical item,Rental,Bulk,1,0,0,0,0,0,0,0,0,0,0,Light,0,Physical equipment,0,All content possible,13.915,0.21,0,0,,9,9,0,,9,,1238,Jente Verbruggen,0301-Light,Voorbeeld Staffelgroep,,Hoog tarief,,Verhuur,Verhuur (debet),,,,,,,,,,,,,,,,,,,,,,,,,
45514.669837963,46223.66587963,Showtec Dimmer,0301-003,,,,0,0,,,,,,0,5,0,0,Physical item,Rental,Bulk,1,0,0,0,0,0,0,0,0,0,0,Light,0,Physical equipment,0,All content possible,6.05,0.21,0,0,,2,2,0,,2,,1239,Jente Verbruggen,0301-Light,Voorbeeld Staffelgroep,,Hoog tarief,,Verhuur,Verhuur (debet),,,,,,,,,,,,,,,,,,,,,,,,,
45514.670277778,46223.66587963,Guirlande (25m),0301-002,,,,0,0,,,,,,0,25,0,0,Physical item,Rental,Bulk,1,0,0,0,0,0,0,0,0,0,0,Light,0,Physical equipment,0,All content possible,30.25,0.21,0,0,,0,0,0,,0,,1240,Jente Verbruggen,0301-Light,Voorbeeld Staffelgroep,,Hoog tarief,,Verhuur,Verhuur (debet),,,,,,,,,,,,,,,,,,,,,,,,,
45514.671111111,46223.66587963,T8-Led-TL,0301-004,,,,0,0,,,,,,0,5,0,0,Physical item,Rental,Bulk,1,0,0,0,0,0,0,0,0,0,0,Light,0,Physical equipment,0,All content possible,6.05,0.21,0,0,,10,10,0,,10,,1241,Jente Verbruggen,0301-Light,Voorbeeld Staffelgroep,,Hoog tarief,,Verhuur,Verhuur (debet),,,,,,,,,,,,,,,,,,,,,,,,,
45514.672719907,46223.66587963,Ledpar,0301-005,,,,0,0,,,,,,0,2,0,0,Physical item,Rental,Bulk,1,0,0,0,0,0,0,0,0,0,0,Light,0,Physical equipment,0,All content possible,2.42,0.21,0,0,,12,12,0,,12,,1242,Jente Verbruggen,0301-Light,Voorbeeld Staffelgroep,,Hoog tarief,,Verhuur,Verhuur (debet),,,,,,,,,,,,,,,,,,,,,,,,,
45514.673923611,46223.66587963,TL-Armaturen,0301-007,,,,0,0,,,,,,0,15,0,0,Physical item,Rental,Bulk,1,0,0,0,0,0,0,0,0,0,0,Light,0,Physical equipment,0,All content possible,18.15,0.21,0,0,,5,5,0,,5,,1243,Jente Verbruggen,0301-Light,Voorbeeld Staffelgroep,,Hoog tarief,,Verhuur,Verhuur (debet),,,,,,,,,,,,,,,,,,,,,,,,,
45514.674502315,46223.66587963,Mini Ledpar IP65,0301-008,,,,0,0,,,,,,0,4,0,0,Physical item,Rental,Bulk,1,0,0,0,0,0,0,0,0,0,0,Light,0,Physical equipment,0,All content possible,4.84,0.21,0,0,,12,12,0,,12,,1244,Jente Verbruggen,0301-Light,Voorbeeld Staffelgroep,,Hoog tarief,,Verhuur,Verhuur (debet),,,,,,,,,,,,,,,,,,,,,,,,,
45514.675787037,46223.66587963,Showtec 16 Led Bar RGBW,0301-009,,,,0,0,,,,,,0,4.66,0,0,Physical item,Rental,Bulk,1,0,0,0,0,0,0,0,0,0,0,Light,0,Physical equipment,0,All content possible,5.6386,0.21,0,0,,3,3,0,,3,,1245,Jente Verbruggen,0301-Light,Voorbeeld Staffelgroep,,Hoog tarief,,Verhuur,Verhuur (debet),,,,,,,,,,,,,,,,,,,,,,,,,
45514.676261574,46223.66587963,"Guirlande (12,5m)",0301-011,,,,0,0,,,,,,0,12.5,0,0,Physical item,Rental,Bulk,1,0,0,0,0,0,0,0,0,0,0,Light,0,Physical equipment,0,All content possible,15.125,0.21,0,0,,3,3,0,,3,,1246,Jente Verbruggen,0301-Light,Voorbeeld Staffelgroep,,Hoog tarief,,Verhuur,Verhuur (debet),,,,,,,,,,,,,,,,,,,,,,,,,
45514.677326389,46223.66587963,Guirlande (65m),0301-012,,,,0,0,,,,,,0,65,0,0,Physical item,Rental,Bulk,1,0,0,0,0,0,0,0,0,0,0,Light,0,Physical equipment,0,All content possible,78.65,0.21,0,0,,1,1,0,,1,,1247,Jente Verbruggen,0301-Light,Voorbeeld Staffelgroep,,Hoog tarief,,Verhuur,Verhuur (debet),,,,,,,,,,,,,,,,,,,,,,,,,
45514.678587963,46223.66587963,Scarlet 2i2,0101-001,,,,0,0,,,,,,0,15,0,0,Physical item,Rental,Bulk,1,0,0,0,0,0,0,0,0,0,0,Audio,0,Physical equipment,0,All content possible,18.15,0.21,0,0,,1,1,0,,1,,1248,Jente Verbruggen,0101-Audio,Voorbeeld Staffelgroep,,Hoog tarief,,Verhuur,Verhuur (debet),,,,,,,,,,,,,,,,,,,,,,,,,
45514.678935185,46223.66587963,Studio Mic,0101-002,,,,0,0,,,,,,0,10,0,0,Physical item,Rental,Bulk,1,0,0,0,0,0,0,0,0,0,0,Audio,0,Physical equipment,0,All content possible,12.1,0.21,0,0,,1,1,0,,1,,1249,Jente Verbruggen,0101-Audio,Voorbeeld Staffelgroep,,Hoog tarief,,Verhuur,Verhuur (debet),,,,,,,,,,,,,,,,,,,,,,,,,
45514.680127315,46223.66587963,Combi Gas/Houtskool BBQ,0201-002,,,,0,0,,,,,,0,90,0,0,Physical item,Rental,Bulk,1,0,0,0,0,0,0,0,0,0,0,Catering,0,Physical equipment,0,All content possible,108.9,0.21,0,0,,1,1,0,,1,,1250,Jente Verbruggen,0201-Catering,Voorbeeld Staffelgroep,,Hoog tarief,,Verhuur,Verhuur (debet),,,,,,,,,,,,,,,,,,,,,,,,,
45514.680601852,46223.66587963,Gasbekken medium,0201-003,,,,0,0,,,,,,0,20,0,0,Physical item,Rental,Bulk,1,0,0,0,0,0,0,0,0,0,0,Catering,0,Physical equipment,0,All content possible,24.2,0.21,0,0,,2,2,0,,2,,1251,Jente Verbruggen,0201-Catering,Voorbeeld Staffelgroep,,Hoog tarief,,Verhuur,Verhuur (debet),,,,,,,,,,,,,,,,,,,,,,,,,
45514.681516204,46223.66587963,Leberg glazen,0201-008,,,,0,0,,,,,,0,0.2,0,0,Physical item,Rental,Bulk,1,0,0,0,0,0,0,0,0,0,0,Catering,0,Physical equipment,0,All content possible,0.242,0.21,0,0,,80,80,0,,80,,1252,Jente Verbruggen,0201-Catering,Voorbeeld Staffelgroep,,Hoog tarief,,Verhuur,Verhuur (debet),,,,,,,,,,,,,,,,,,,,,,,,,
45514.68224537,46223.66587963,Tap instalatie,0201-009,,,,0,0,,,,,,0,75,0,0,Physical item,Rental,Serialized,1,0,0,0,0,0,0,0,0,0,0,Catering,0,Physical equipment,0,All content possible,90.75,0.21,0,0,,1,1,0,,1,,1253,Jente Verbruggen,0201-Catering,Voorbeeld Staffelgroep,,Hoog tarief,,Verhuur,Verhuur (debet),45514.68224537,45736.970891204,0201-009-1,0201-009-1,45514,1,,,,,0,,0,,,585,Jente Verbruggen,Tap instalatie,,,,,,,
45514.68318287,46223.66587963,Aciet,0201-011,,,,0,0,,,,,,0,0,0,0,Physical item,Rental,Bulk,1,0,0,0,0,0,0,0,0,0,0,Catering,0,Physical equipment,0,All content possible,0,0.21,0,0,,2,2,0,,2,,1254,Jente Verbruggen,0201-Catering,Voorbeeld Staffelgroep,,Hoog tarief,,Verhuur,Verhuur (debet),,,,,,,,,,,,,,,,,,,,,,,,,
45514.683877315,46223.66587963,Hendi Chafing 9L,0201-012,,,,0,0,,,,,,0,7,0,0,Physical item,Rental,Bulk,1,0,0,0,0,0,0,0,0,0,0,Catering,0,Physical equipment,0,All content possible,8.47,0.21,0,0,,2,2,0,,2,,1255,Jente Verbruggen,0201-Catering,Voorbeeld Staffelgroep,,Hoog tarief,,Verhuur,Verhuur (debet),,,,,,,,,,,,,,,,,,,,,,,,,
45514.686990741,46223.66587963,Tap met spoelbak,0201-013,,,,0,0,,,,,,0,75,0,0,Physical item,Rental,Bulk,1,0,0,0,0,0,0,0,0,0,0,Catering,0,Physical equipment,0,All content possible,90.75,0.21,0,0,,1,1,0,,1,,1256,Jente Verbruggen,0201-Catering,Voorbeeld Staffelgroep,,Hoog tarief,,Verhuur,Verhuur (debet),,,,,,,,,,,,,,,,,,,,,,,,,
45514.687650463,46223.66587963,Tap tafelmodel groot,0201-014,,,,0,0,,,,,,0,75,0,0,Physical item,Rental,Bulk,1,0,0,0,0,0,0,0,0,0,0,Catering,0,Physical equipment,0,All content possible,90.75,0.21,0,0,,1,1,0,,1,,1257,Jente Verbruggen,0201-Catering,Voorbeeld Staffelgroep,,Hoog tarief,,Verhuur,Verhuur (debet),,,,,,,,,,,,,,,,,,,,,,,,,
45514.688101852,46223.66587963,Tap tafelmodel klein,0201-015,,,,0,0,,,,,,0,75,0,0,Physical item,Rental,Bulk,1,0,0,0,0,0,0,0,0,0,0,Catering,0,Physical equipment,0,All content possible,90.75,0.21,0,0,,1,1,0,,1,,1258,Jente Verbruggen,0201-Catering,Voorbeeld Staffelgroep,,Hoog tarief,,Verhuur,Verhuur (debet),,,,,,,,,,,,,,,,,,,,,,,,,
45514.689363426,46223.66587963,Spoelbak ,0201-016,,,,0,0,,,,,,0,20,0,0,Physical item,Rental,Bulk,1,0,0,0,0,0,0,0,0,0,0,Catering,0,Physical equipment,0,All content possible,24.2,0.21,0,0,,3,3,0,,3,,1259,Jente Verbruggen,0201-Catering,Voorbeeld Staffelgroep,,Hoog tarief,,Verhuur,Verhuur (debet),,,,,,,,,,,,,,,,,,,,,,,,,
45514.690127315,46223.66587963,Schepijs vriezer,0201-017,,,,0,0,,,,,,0,55,0,0,Physical combination,Rental,Bulk,1,0,0,0,0,0,0,0,0,0,0,Catering,1,Physical equipment,0,All content possible,66.55,0.21,0,0,,1,1,0,,1,,1260,Jente Verbruggen,0201-Catering,Voorbeeld Staffelgroep,,Hoog tarief,,Verhuur,Verhuur (debet),,,,,,,,,,,,,,,,,,,,,,,,,
45514.694756944,46223.66587963,Plastieken plooitafel,0401-001,,,,0,0,,,,,,0,2,0,0,Physical item,Rental,Bulk,1,0,0,0,0,0,0,0,0,0,0,Meubilair,0,Physical equipment,0,All content possible,2.42,0.21,0,0,,3,3,0,,3,,1261,Jente Verbruggen,0401-Meubilair,Voorbeeld Staffelgroep,,Hoog tarief,,Verhuur,Verhuur (debet),,,,,,,,,,,,,,,,,,,,,,,,,
45514.695208333,46223.66587963,Houten buffet tafel,0401-002,,,,0,0,,,,,,0,5,0,0,Physical item,Rental,Bulk,1,0,0,0,0,0,0,0,0,0,0,Meubilair,0,Physical equipment,0,All content possible,6.05,0.21,0,0,,11,11,0,,11,,1262,Jente Verbruggen,0401-Meubilair,Voorbeeld Staffelgroep,,Hoog tarief,,Verhuur,Verhuur (debet),,,,,,,,,,,,,,,,,,,,,,,,,
45514.695648148,46223.66587963,Cocktailtafel,0401-003,,,,0,0,,,,,,0,5,0,0,Physical item,Rental,Bulk,1,0,0,0,0,0,0,0,0,0,0,Meubilair,0,Physical equipment,0,All content possible,6.05,0.21,0,0,,15,15,0,,15,,1263,Jente Verbruggen,0401-Meubilair,Voorbeeld Staffelgroep,,Hoog tarief,,Verhuur,Verhuur (debet),,,,,,,,,,,,,,,,,,,,,,,,,
45514.696342593,46223.66587963,Houten werktafel,0401-004,,,,0,0,,,,,,0,7,0,0,Physical item,Rental,Bulk,1,0,0,0,0,62.5,250,0,0,0,0,Meubilair,0,Physical equipment,0,All content possible,8.47,0.21,0,0,,6,6,0,,6,,1264,Jente Verbruggen,0401-Meubilair,Voorbeeld Staffelgroep,,Hoog tarief,,Verhuur,Verhuur (debet),,,,,,,,,,,,,,,,,,,,,,,,,
45514.696921296,46223.66587963,Warmte paddestoel,0401-005,,,,0,0,,,,,,0,25,0,0,Physical item,Rental,Bulk,1,0,0,0,0,0,0,0,0,0,0,Meubilair,0,Physical equipment,0,All content possible,30.25,0.21,0,0,,1,1,0,,1,,1265,Jente Verbruggen,0401-Meubilair,Voorbeeld Staffelgroep,,Hoog tarief,,Verhuur,Verhuur (debet),,,,,,,,,,,,,,,,,,,,,,,,,
45514.697951389,46223.66587963,Tent 8x20,0501-002,,,,0,0,,,,,,0,800,0,0,Physical item,Rental,Serialized,1,0,0,0,0,0,0,0,0,0,0,Tenten,0,Physical equipment,0,All content possible,968,0.21,0,0,,0,0,0,,0,,1266,Jente Verbruggen,0501-Tenten,Voorbeeld Staffelgroep,,Hoog tarief,,Verhuur,Verhuur (debet),45514.697951389,45736.970891204,0501-002-1,1,45514,0,,0501-002-1,,,0,,0,,,586,Jente Verbruggen,Tent 8x20,,,,,,,
45514.697951389,46223.66587963,Tent 8x20,0501-002,,,,0,0,,,,,,0,800,0,0,Physical item,Rental,Serialized,1,0,0,0,0,0,0,0,0,0,0,Tenten,0,Physical equipment,0,All content possible,968,0.21,0,0,,0,0,0,,0,,1266,Jente Verbruggen,0501-Tenten,Voorbeeld Staffelgroep,,Hoog tarief,,Verhuur,Verhuur (debet),45514.697951389,45736.970891204,0501-002-1,2,45514,0,,0501-002-1,,,0,,0,,,587,Jente Verbruggen,Tent 8x20,,,,,,,
45514.698680556,46223.66587963,Tent 5x6 (6 hoek),0501-007,,,,0,0,,,,,,0,170,0,0,Physical item,Rental,Serialized,1,0,0,0,0,0,0,0,0,0,0,Tenten,0,Physical equipment,0,All content possible,205.7,0.21,0,0,,1,1,0,,1,,1267,Jente Verbruggen,0501-Tenten,Voorbeeld Staffelgroep,,Hoog tarief,,Verhuur,Verhuur (debet),45514.698680556,45736.970891204,1,1,45514,1,,,,,0,,0,,,588,Jente Verbruggen,Tent 5x6 (6 hoek),,,,,,,
45514.699224537,46223.66587963,Zandzakken,0501-008,,,,0,0,,,,,,0,12,0,0,Physical item,Rental,Bulk,1,0,0,0,0,0,0,0,0,0,0,Tenten,0,Physical equipment,0,All content possible,14.52,0.21,0,0,,17,17,0,,17,,1268,Jente Verbruggen,0501-Tenten,Voorbeeld Staffelgroep,,Hoog tarief,,Verhuur,Verhuur (debet),,,,,,,,,,,,,,,,,,,,,,,,,
45514.699918981,46223.66587963,Beton blokken,0501-902,,,,0,0,,,,,,0,50,0,0,Physical item,Rental,Bulk,1,0,0,0,0,0,0,0,0,0,0,Tenten,0,Physical equipment,0,All content possible,60.5,0.21,0,0,,0,0,0,,0,,1269,Jente Verbruggen,0501-Tenten,Voorbeeld Staffelgroep,,Hoog tarief,,Verhuur,Verhuur (debet),,,,,,,,,,,,,,,,,,,,,,,,,
45514.701400463,46223.66587963,Takstar camera micro,0601-001,,,,0,0,,,,,,0,5,0,0,Physical item,Rental,Bulk,1,0,0,0,0,0,0,0,0,0,0,Video,0,Physical equipment,0,All content possible,6.05,0.21,0,0,,1,1,0,,1,,1270,Jente Verbruggen,0601-Video,Voorbeeld Staffelgroep,,Hoog tarief,,Verhuur,Verhuur (debet),,,,,,,,,,,,,,,,,,,,,,,,,
45514.701689815,46223.66587963,Epson Beamer,0601-002,,,,0,0,,,,,,0,25,0,0,Physical item,Rental,Bulk,1,0,0,0,0,0,0,0,0,0,0,Video,0,Physical equipment,0,All content possible,30.25,0.21,0,0,,1,1,0,,1,,1271,Jente Verbruggen,0601-Video,Voorbeeld Staffelgroep,,Hoog tarief,,Verhuur,Verhuur (debet),,,,,,,,,,,,,,,,,,,,,,,,,
45514.70212963,46223.66587963,Feiyutech A2000 3Axis Gimbal,0601-003,,,,0,0,,,,,,0,16,0,0,Physical item,Rental,Bulk,1,0,0,0,0,0,0,0,0,0,0,Video,0,Physical equipment,0,All content possible,19.36,0.21,0,0,,1,1,0,,1,,1272,Jente Verbruggen,0601-Video,Voorbeeld Staffelgroep,,Hoog tarief,,Verhuur,Verhuur (debet),,,,,,,,,,,,,,,,,,,,,,,,,
45514.702326389,46223.66587963,Go Pro set 1,0601-004,,,,0,0,,,,,,0,10,0,0,Physical item,Rental,Bulk,1,0,0,0,0,0,0,0,0,0,0,Video,0,Physical equipment,0,All content possible,12.1,0.21,0,0,,1,1,0,,1,,1273,Jente Verbruggen,0601-Video,Voorbeeld Staffelgroep,,Hoog tarief,,Verhuur,Verhuur (debet),,,,,,,,,,,,,,,,,,,,,,,,,
45514.702476852,46223.66587963,Go Pro set 2,0601-005,,,,0,0,,,,,,0,12,0,0,Physical item,Rental,Bulk,1,0,0,0,0,0,0,0,0,0,0,Video,0,Physical equipment,0,All content possible,14.52,0.21,0,0,,1,1,0,,1,,1274,Jente Verbruggen,0601-Video,Voorbeeld Staffelgroep,,Hoog tarief,,Verhuur,Verhuur (debet),,,,,,,,,,,,,,,,,,,,,,,,,
45514.702638889,46223.66587963,Go Pro set 2,0601-006,,,,0,0,,,,,,0,15,0,0,Physical item,Rental,Bulk,1,0,0,0,0,0,0,0,0,0,0,Video,0,Physical equipment,0,All content possible,18.15,0.21,0,0,,1,1,0,,1,,1275,Jente Verbruggen,0601-Video,Voorbeeld Staffelgroep,,Hoog tarief,,Verhuur,Verhuur (debet),,,,,,,,,,,,,,,,,,,,,,,,,
45514.702800926,46223.66587963,Go Pro set 4,0601-007,,,,0,0,,,,,,0,20,0,0,Physical item,Rental,Bulk,1,0,0,0,0,0,0,0,0,0,0,Video,0,Physical equipment,0,All content possible,24.2,0.21,0,0,,1,1,0,,1,,1276,Jente Verbruggen,0601-Video,Voorbeeld Staffelgroep,,Hoog tarief,,Verhuur,Verhuur (debet),,,,,,,,,,,,,,,,,,,,,,,,,
45514.702939815,46223.66587963,Drone,0601-008,,,,0,0,,,,,,0,50,0,0,Physical item,Rental,Bulk,1,0,0,0,0,0,0,0,0,0,0,Video,0,Physical equipment,0,All content possible,60.5,0.21,0,0,,1,1,0,,1,,1277,Jente Verbruggen,0601-Video,Voorbeeld Staffelgroep,,Hoog tarief,,Verhuur,Verhuur (debet),,,,,,,,,,,,,,,,,,,,,,,,,
45514.70318287,46223.66587963,Uitbreidingspakket drone,0601-009,,,,0,0,,,,,,0,15,0,0,Physical item,Rental,Bulk,1,0,0,0,0,0,0,0,0,0,0,Video,0,Physical equipment,0,All content possible,18.15,0.21,0,0,,1,1,0,,1,,1278,Jente Verbruggen,0601-Video,Voorbeeld Staffelgroep,,Hoog tarief,,Verhuur,Verhuur (debet),,,,,,,,,,,,,,,,,,,,,,,,,
45514.70755787,46223.66587963,Tap + aciet,0201-999,,,,0,0,,,,,,0,75,0,0,Virtual combination,Rental,Bulk,1,0,0,0,0,0,0,0,0,0,0,Catering,1,Virtual combination,1,All content possible,90.75,0.21,0,0,,1,1,0,,0,,1279,Jente Verbruggen,0201-Catering,Voorbeeld Staffelgroep,,Hoog tarief,,Verhuur,Verhuur (debet),,,,,,,,,,,,,,,,,,,,,,,,,
45514.709305556,46223.66587963,Ijs schepper,0201-018,,,,0,0,,,,,,0,0,0,0,Physical item,Rental,Bulk,1,0,0,0,0,0,0,0,0,0,0,Catering,0,Physical equipment,0,All content possible,0,0.21,0,0,,1,1,0,,1,,1280,Jente Verbruggen,0201-Catering,Voorbeeld Staffelgroep,,Hoog tarief,,Verhuur,Verhuur (debet),,,,,,,,,,,,,,,,,,,,,,,,,
45514.755706019,46223.66587963,Baofeng 888s WalkieTalkies ,1101-001,,,,0,0,,,,,,0,10,0,0,Physical item,Rental,Bulk,1,0,0,0,0,0,0,0,0,0,0,Communicatie,0,Physical equipment,0,All content possible,12.1,0.21,0,0,,24,24,0,,24,,1281,Jente Verbruggen,1101-Communicatie,Voorbeeld Staffelgroep,,Hoog tarief,,Verhuur,Verhuur (debet),,,,,,,,,,,,,,,,,,,,,,,,,
45514.800960648,46223.66587963,Buffet tafel hoes  (zwart),0401-009,,,,0,0,,,,,,0,3,0,0,Physical item,Rental,Bulk,1,0,0,0,0,0,0,0,0,0,0,Meubilair,0,Physical equipment,0,All content possible,3.63,0.21,0,0,,11,11,0,,11,,1282,Jente Verbruggen,0401-Meubilair,Voorbeeld Staffelgroep,,Hoog tarief,,Verhuur,Verhuur (debet),,,,,,,,,,,,,,,,,,,,,,,,,
45517.754409722,46223.66587963,cocktailtafelhoes (zwart),0401-010,,,,0,0,,,,,,0,3,0,0,Physical item,Rental,Bulk,1,0,0,0,0,0,0,0,0,0,0,,0,Physical equipment,0,All content possible,3.63,0.21,0,0,,15,15,0,,15,,1283,Ruben Dielkens,0401-Meubilair,Voorbeeld Staffelgroep,,Hoog tarief,,Verhuur,Verhuur (debet),,,,,,,,,,,,,,,,,,,,,,,,,
45517.756631944,46223.66587963,cocktailtafel met hoes (zwart),0401-006,,,,0,0,,,,,,0,8,0,0,Virtual combination,Rental,Bulk,1,0,0,0,0,0,0,0,0,0,0,Meubilair,1,Virtual combination,1,All content possible,9.68,0.21,0,0,,15,15,0,,0,,1284,Ruben Dielkens,0401-Meubilair,Voorbeeld Staffelgroep,,Hoog tarief,,Verhuur,Verhuur (debet),,,,,,,,,,,,,,,,,,,,,,,,,
45517.762141204,46223.66587963,Buffettafel met hoes (zwart),0401-011,,,,0,0,,,,,,0,8,0,0,Virtual combination,Rental,Bulk,1,0,0,0,0,0,0,0,0,0,0,,1,Virtual combination,1,All content possible,9.68,0.21,0,0,,11,11,0,,0,,1285,Ruben Dielkens,0401-Meubilair,Voorbeeld Staffelgroep,,Hoog tarief,,Verhuur,Verhuur (debet),,,,,,,,,,,,,,,,,,,,,,,,,
45527.44037037,46223.66587963,Cassette Vloer,0501-901,,,,0,0,,,,,,0,0,0,0,Physical item,Rental,Bulk,1,0,0,0,0,0,0,0,0,0,0,,0,Physical equipment,0,All content possible,0,0.21,0,0,,0,0,0,,0,,1286,Jente Verbruggen,0501-Tenten,Voorbeeld Staffelgroep,,Hoog tarief,,Verhuur,Verhuur (debet),,,,,,,,,,,,,,,,,,,,,,,,,
45529.660925926,46223.66587963,Ligger 2.57m,0701-005,,,,0,0,,,,,,0,4,0,0,Physical item,Rental,Bulk,1,0,0,0,0,0,257,0,0,0,0,,0,Physical equipment,0,All content possible,4.84,0.21,0,0,,90,90,0,,90,,1287,Jente Verbruggen,0701-Podium opbouw,Voorbeeld Staffelgroep,,Hoog tarief,,Verhuur,Verhuur (debet),,,,,,,,,,,,,,,,,,,,,,,,,
45529.66130787,46223.66587963,Voetspindel,0701-001,,,,0,0,,,,,,0,3,0,0,Physical item,Rental,Bulk,1,0,0,0,0,0,0,0,0,0,0,,0,Physical equipment,0,All content possible,3.63,0.21,0,0,,20,20,0,,20,,1288,Jente Verbruggen,0701-Podium opbouw,Voorbeeld Staffelgroep,,Hoog tarief,,Verhuur,Verhuur (debet),,,,,,,,,,,,,,,,,,,,,,,,,
45529.662060185,46223.66587963,Voetrozet,0701-002,,,,0,0,,,,,,0,3,0,0,Physical item,Rental,Bulk,1,0,0,0,0,0,0,0,0,0,0,,0,Physical equipment,0,All content possible,3.63,0.21,0,0,,20,20,0,,20,,1289,Jente Verbruggen,0701-Podium opbouw,Voorbeeld Staffelgroep,,Hoog tarief,,Verhuur,Verhuur (debet),,,,,,,,,,,,,,,,,,,,,,,,,
45529.662314815,46223.66587963,Staander 3m,0701-003,,,,0,0,,,,,,0,6,0,0,Physical item,Rental,Bulk,1,0,0,0,0,0,0,0,0,0,0,,0,Physical equipment,0,All content possible,7.26,0.21,0,0,,60,60,0,,60,,1290,Jente Verbruggen,0701-Podium opbouw,Voorbeeld Staffelgroep,,Hoog tarief,,Verhuur,Verhuur (debet),,,,,,,,,,,,,,,,,,,,,,,,,
45529.663321759,46223.66587963,Staander 2m,0701-004,,,,0,0,,,,,,0,5,0,0,Physical item,Rental,Bulk,1,0,0,0,0,0,0,0,0,0,0,,0,Physical equipment,0,All content possible,6.05,0.21,0,0,,20,20,0,,20,,1291,Jente Verbruggen,0701-Podium opbouw,Voorbeeld Staffelgroep,,Hoog tarief,,Verhuur,Verhuur (debet),,,,,,,,,,,,,,,,,,,,,,,,,
45529.663796296,46223.66587963,Ligger 1.07,0701-006,,,,0,0,,,,,,0,3,0,0,Physical item,Rental,Bulk,1,0,0,0,0,0,0,0,0,0,0,,0,Physical equipment,0,All content possible,3.63,0.21,0,0,,40,40,0,,40,,1292,Jente Verbruggen,0701-Podium opbouw,Voorbeeld Staffelgroep,,Hoog tarief,,Verhuur,Verhuur (debet),,,,,,,,,,,,,,,,,,,,,,,,,
45529.664155093,46223.66587963,Ligger 0.4m,0701-007,,,,0,0,,,,,,0,2.5,0,0,Physical item,Rental,Bulk,1,0,0,0,0,0,0,0,0,0,0,,0,Physical equipment,0,All content possible,3.025,0.21,0,0,,40,40,0,,40,,1293,Jente Verbruggen,0701-Podium opbouw,Voorbeeld Staffelgroep,,Hoog tarief,,Verhuur,Verhuur (debet),,,,,,,,,,,,,,,,,,,,,,,,,
45529.664618056,46223.66587963,Diagonaal 2.57x50,0701-008,,,,0,0,,,,,,0,0,0,0,Physical item,Rental,Bulk,1,0,0,0,0,0,0,0,0,0,0,,0,Physical equipment,0,All content possible,0,0.21,0,0,,4,4,0,,4,,1294,Jente Verbruggen,0701-Podium opbouw,Voorbeeld Staffelgroep,,Hoog tarief,,Verhuur,Verhuur (debet),,,,,,,,,,,,,,,,,,,,,,,,,
45529.664988426,46223.66587963,Console,0701-009,,,,0,0,,,,,,0,5,0,0,Physical item,Rental,Bulk,1,0,0,0,0,0,0,0,0,0,0,,0,Physical equipment,0,All content possible,6.05,0.21,0,0,,3,3,0,,3,,1295,Jente Verbruggen,0701-Podium opbouw,Voorbeeld Staffelgroep,,Hoog tarief,,Verhuur,Verhuur (debet),,,,,,,,,,,,,,,,,,,,,,,,,
45529.666226852,46223.66587963,vloerplaat,0701-010,,,,0,0,,,,,,0,5,0,0,Physical item,Rental,Bulk,1,0,0,0,0,0,0,0,0,0,0,,0,Physical equipment,0,All content possible,6.05,0.21,0,0,,41,41,0,,41,,1296,Jente Verbruggen,0701-Podium opbouw,Voorbeeld Staffelgroep,,Hoog tarief,,Verhuur,Verhuur (debet),,,,,,,,,,,,,,,,,,,,,,,,,
45529.679918981,46223.66587963,Elektrische Bakplaat Glad,0201-019,,,,0,0,,,,,,0,30,0,0,Physical item,Rental,Bulk,1,0,190,0,23,51,73,31,0,3500,0,,0,Physical equipment,0,All content possible,36.3,0.21,0,1,,1,1,0,,1,,1297,Jente Verbruggen,0201-Catering,Voorbeeld Staffelgroep,,Hoog tarief,download.jfif,Verhuur,Verhuur (debet),,,,,,,,,,,,,,,,,,,,,,,,,
45545.557233796,46223.66587963,Tent 10x40,0501-801,,,,0,0,,,,,,0,15000,0,0,Physical item,Rental,Serialized,1,0,0,0,0,0,0,0,0,0,0,,0,Physical equipment,0,All content possible,18150,0.21,0,0,,1,1,0,,1,,1298,Jente Verbruggen,0501-Tenten,Voorbeeld Staffelgroep,,Hoog tarief,,Verhuur,Verhuur (debet),45551.597708333,45736.970891204,1,,45551,1,,1,,,0,,0,,,589,Jente Verbruggen,Tent 10x40,,,,,,,
45603.3925,46223.66587963,Tent 8x16,0501-009,,,,0,0,,,,,,0,900,0,0,Physical item,Rental,Bulk,1,0,0,0,0,0,0,0,0,0,0,,0,Physical equipment,0,All content possible,1089,0.21,0,0,,1,1,0,,1,,1299,Ruben Dielkens,0501-Tenten,Voorbeeld Staffelgroep,,Hoog tarief,,Verhuur,Verhuur (debet),,,,,,,,,,,,,,,,,,,,,,,,,
45642.460520833,46223.66587963,Guirlande (per meter),0301-013,,,,0,0,,,,,,0,1,0,0,Physical item,Rental,Bulk,1,0,0,0,0,0,0,0,0,0,0,,0,Physical equipment,0,All content possible,1.21,0.21,0,0,,350,350,0,,350,,1301,Ruben Dielkens,0301-Light,Voorbeeld Staffelgroep,,Hoog tarief,,Verhuur,Verhuur (debet),,,,,,,,,,,,,,,,,,,,,,,,,
45775.904756944,46223.66587963,Tent 6x12,0501-010,,,,0,0,,,,,,0,300,0,0,Physical item,Rental,Bulk,1,0,0,0,0,0,0,0,0,0,0,,0,Physical equipment,0,All content possible,363,0.21,0,0,,1,1,0,,1,,1329,Jente Verbruggen,0501-Tenten,Voorbeeld Staffelgroep,,Hoog tarief,,Verhuur,Verhuur (debet),,,,,,,,,,,,,,,,,,,,,,,,,
45809.713391204,46223.66587963,Claret wijnglas 24cl,9998-001,,,,0,0,,,,,,0,0.35,0,0,Physical item,Rental,Bulk,1,0,0,0,0,0,0,0,0,0,0,,0,Physical equipment,0,All content possible,0.4235,0.21,0,0,,0,0,0,,0,,1330,Jente Verbruggen,9998-Inhuur Funrent,Voorbeeld Staffelgroep,,Hoog tarief,,Verhuur,Verhuur (debet),,,,,,,,,,,,,,,,,,,,,,,,,
45809.729733796,46223.66587963,Claret champagneglas,9998-812,,,,0,0,,,,,,0,0.35,0,0,Physical item,Rental,Bulk,1,0,0,0,0,0,0,0,0,0,0,,0,Physical equipment,0,All content possible,0.4235,0.21,0,0,,0,0,0,,0,,1331,Jente Verbruggen,9998-Inhuur Funrent,Voorbeeld Staffelgroep,,Hoog tarief,,Verhuur,Verhuur (debet),,,,,,,,,,,,,,,,,,,,,,,,,
45809.731041667,46223.66587963,Claret wijnglas 33cl,9998-813,,,,0,0,,,,,,0,0.35,0,0,Physical item,Rental,Bulk,1,0,0,0,0,0,0,0,0,0,0,,0,Physical equipment,0,All content possible,0.4235,0.21,0,0,,0,0,0,,0,,1332,Jente Verbruggen,9998-Inhuur Funrent,Voorbeeld Staffelgroep,,Hoog tarief,,Verhuur,Verhuur (debet),,,,,,,,,,,,,,,,,,,,,,,,,
45809.737777778,46223.66587963,bier bank,9998-702,,,,0,0,,,,,,0,4,0,0,Physical item,Rental,Bulk,1,0,0,0,0,0,0,0,0,0,0,,0,Physical equipment,0,All content possible,4.84,0.21,0,0,,0,0,0,,0,,1333,Jente Verbruggen,9998-Inhuur Funrent,Voorbeeld Staffelgroep,,Hoog tarief,,Verhuur,Verhuur (debet),,,,,,,,,,,,,,,,,,,,,,,,,
45809.739097222,46223.66587963,Volga stoel wit,9998-703,,,,0,0,,,,,,0,4,0,0,Physical item,Rental,Bulk,1,0,0,0,0,0,0,0,0,0,0,,0,Physical equipment,0,All content possible,4.84,0.21,0,0,,0,0,0,,0,,1334,Jente Verbruggen,9998-Inhuur Funrent,Voorbeeld Staffelgroep,,Hoog tarief,,Verhuur,Verhuur (debet),,,,,,,,,,,,,,,,,,,,,,,,,
45809.849444444,46223.66587963,Tafel 180*76,9998-807,,,,0,0,,,,,,0,6,0,0,Physical item,Rental,Bulk,1,0,0,0,0,0,0,0,0,0,0,,0,Physical equipment,0,All content possible,7.26,0.21,0,0,,0,0,0,,0,,1335,Jente Verbruggen,9998-Inhuur Funrent,Voorbeeld Staffelgroep,,Hoog tarief,,Verhuur,Verhuur (debet),,,,,,,,,,,,,,,,,,,,,,,,,
45809.855358796,46223.66587963,Plankenvloer,9997-001,,,,0,0,,,,,,0,5,0,0,Physical item,Rental,Bulk,1,0,0,0,0,0,0,0,0,0,0,,0,Physical equipment,0,All content possible,6.05,0.21,0,0,,0,0,0,,0,,1336,Jente Verbruggen,9997-Inhuur Rent-men,Voorbeeld Staffelgroep,,Hoog tarief,,Verhuur,Verhuur (debet),,,,,,,,,,,,,,,,,,,,,,,,,
45934.635902778,46223.66587963,Terras verwarmmer ,0501-011,Paddestoel,,,0,0,,,,,,0,15,0,0,Physical item,Rental,Bulk,1,0,0,0,0,0,0,0,0,0,0,,0,Physical equipment,0,All content possible,18.15,0.21,0,0,,1,1,0,1,1,1,1337,Jente Verbruggen,0501-Tenten,Voorbeeld Staffelgroep,,Hoog tarief,,Verhuur,Verhuur (debet),,,,,,,,,,,,,,,,,,,,,,,,,
45934.636076389,46223.66587963,Terras verwarmmer ,0501-012,Design,,,0,0,,,,,,0,20,0,0,Physical item,Rental,Bulk,1,0,0,0,0,0,0,0,0,0,0,,0,Physical equipment,0,All content possible,24.2,0.21,0,0,,3,3,0,,3,,1338,Jente Verbruggen,0501-Tenten,Voorbeeld Staffelgroep,,Hoog tarief,,Verhuur,Verhuur (debet),,,,,,,,,,,,,,,,,,,,,,,,,
45934.636273148,46223.665891204,Warmte kanon,898,,,,0,0,,,,,,0,1,0,0,Physical item,Rental,Bulk,1,0,0,0,0,0,0,0,0,0,0,,0,Physical equipment,0,All content possible,1.21,0.21,0,0,,1,1,0,,1,,1339,Jente Verbruggen,0501-Tenten,Voorbeeld Staffelgroep,,Hoog tarief,,Verhuur,Verhuur (debet),,,,,,,,,,,,,,,,,,,,,,,,,
